{
  "distance_km": {
    "mean": 4.086934595353725,
    "std": 1.7235248970310948,
    "p50": 4.042090193310644,
    "p95": 6.917964599408996,
    "min": 0.2638624687262665,
    "max": 8.54834183812373
  },
  "accept_rate_7d": {
    "mean": 0.7117145270270271,
    "std": 0.13856107383946684,
    "p50": 0.67,
    "p95": 0.93,
    "min": 0.51,
    "max": 0.99
  },
  "avg_response_ms": {
    "mean": 873.8817567567568,
    "std": 381.26733038054545,
    "p50": 953.0,
    "p95": 1426.0,
    "min": 207.0,
    "max": 1480.0
  }
}